"Site","Season","Species","Total_Calls","Vegetation_percentage","Tar_road_percentage","Mean_lux","Built_up_percentage","Moon_percentage","Lux_cat_5","Lux_cat_1","Builtup_cat"
"BERO1","non-winter","PICE",8,70,30,7.66,0,85.7,"High","High","zero built-up"
"BERO1","non-winter","PITE",35,70,30,7.66,0,85.7,"High","High","zero built-up"
"BERO1","non-winter","Taph.",1,70,30,7.66,0,85.7,"High","High","zero built-up"
"BERO1","non-winter","Tad.aeg/Mop.plic",0,70,30,7.66,0,85.7,"High","High","zero built-up"
"BERO1","winter","PICE",4,70,30,0,0,14.8,"Low","Low","zero built-up"
"BERO1","winter","PITE",3,70,30,0,0,14.8,"Low","Low","zero built-up"
"BERO1","winter","Taph.",1,70,30,0,0,14.8,"Low","Low","zero built-up"
"BERO1","winter","Tad.aeg/Mop.plic",0,70,30,0,0,14.8,"Low","Low","zero built-up"
"BERO2","non-winter","PICE",19,50,50,8,0,96.8,"High","High","zero built-up"
"BERO2","non-winter","PITE",12,50,50,8,0,96.8,"High","High","zero built-up"
"BERO2","non-winter","Taph.",51,50,50,8,0,96.8,"High","High","zero built-up"
"BERO2","non-winter","Tad.aeg/Mop.plic",5,50,50,8,0,96.8,"High","High","zero built-up"
"BERO2","winter","PICE",3,50,50,17.03,0,55.1,"High","High","zero built-up"
"BERO2","winter","PITE",6,50,50,17.03,0,55.1,"High","High","zero built-up"
"BERO2","winter","Taph.",1,50,50,17.03,0,55.1,"High","High","zero built-up"
"BERO2","winter","Tad.aeg/Mop.plic",0,50,50,17.03,0,55.1,"High","High","zero built-up"
"BERO3","non-winter","PICE",49,60,40,26.66,0,96.8,"High","High","zero built-up"
"BERO3","non-winter","PITE",11,60,40,26.66,0,96.8,"High","High","zero built-up"
"BERO3","non-winter","Taph.",16,60,40,26.66,0,96.8,"High","High","zero built-up"
"BERO3","non-winter","Tad.aeg/Mop.plic",2,60,40,26.66,0,96.8,"High","High","zero built-up"
"BERO3","winter","PICE",33,60,40,33.1,0,55.1,"High","High","zero built-up"
"BERO3","winter","PITE",11,60,40,33.1,0,55.1,"High","High","zero built-up"
"BERO3","winter","Taph.",0,60,40,33.1,0,55.1,"High","High","zero built-up"
"BERO3","winter","Tad.aeg/Mop.plic",0,60,40,33.1,0,55.1,"High","High","zero built-up"
"BERO4","non-winter","PICE",2,70,30,28,0,99.1,"High","High","zero built-up"
"BERO4","non-winter","PITE",102,70,30,28,0,99.1,"High","High","zero built-up"
"BERO4","non-winter","Taph.",1,70,30,28,0,99.1,"High","High","zero built-up"
"BERO4","non-winter","Tad.aeg/Mop.plic",0,70,30,28,0,99.1,"High","High","zero built-up"
"BERO4","winter","PICE",2,70,30,35.43,0,55.1,"High","High","zero built-up"
"BERO4","winter","PITE",19,70,30,35.43,0,55.1,"High","High","zero built-up"
"BERO4","winter","Taph.",0,70,30,35.43,0,55.1,"High","High","zero built-up"
"BERO4","winter","Tad.aeg/Mop.plic",0,70,30,35.43,0,55.1,"High","High","zero built-up"
"BERO5","winter","PICE",0,56.65,43.35,45,0,31.6,"High","High","zero built-up"
"BERO5","winter","PITE",2,56.65,43.35,45,0,31.6,"High","High","zero built-up"
"BERO5","winter","Taph.",3,56.65,43.35,45,0,31.6,"High","High","zero built-up"
"BERO5","winter","Tad.aeg/Mop.plic",2,56.65,43.35,45,0,31.6,"High","High","zero built-up"
"BERO6","winter","PICE",32,85,25,40,0,31.6,"High","High","zero built-up"
"BERO6","winter","PITE",5,85,25,40,0,31.6,"High","High","zero built-up"
"BERO6","winter","Taph.",29,85,25,40,0,31.6,"High","High","zero built-up"
"BERO6","winter","Tad.aeg/Mop.plic",0,85,25,40,0,31.6,"High","High","zero built-up"
"CHBA1","non-winter","PICE",34,40,0,155,0,98.5,"High","High","zero built-up"
"CHBA1","non-winter","PITE",92,40,0,155,0,98.5,"High","High","zero built-up"
"CHBA1","non-winter","Taph.",19,40,0,155,0,98.5,"High","High","zero built-up"
"CHBA1","non-winter","Tad.aeg/Mop.plic",20,40,0,155,0,98.5,"High","High","zero built-up"
"CHBA1","winter","PICE",4,40,0,130.66,0,14.8,"High","High","zero built-up"
"CHBA1","winter","PITE",109,40,0,130.66,0,14.8,"High","High","zero built-up"
"CHBA1","winter","Taph.",1,40,0,130.66,0,14.8,"High","High","zero built-up"
"CHBA1","winter","Tad.aeg/Mop.plic",0,40,0,130.66,0,14.8,"High","High","zero built-up"
"CHBA2","non-winter","PICE",12,50,0,9,30,66.9,"High","High","built-up"
"CHBA2","non-winter","PITE",27,50,0,9,30,66.9,"High","High","built-up"
"CHBA2","non-winter","Taph.",0,50,0,9,30,66.9,"High","High","built-up"
"CHBA2","non-winter","Tad.aeg/Mop.plic",5,50,0,9,30,66.9,"High","High","built-up"
"CHBA2","winter","PICE",7,50,0,26.13,30,45.3,"High","High","built-up"
"CHBA2","winter","PITE",155,50,0,26.13,30,45.3,"High","High","built-up"
"CHBA2","winter","Taph.",0,50,0,26.13,30,45.3,"High","High","built-up"
"CHBA2","winter","Tad.aeg/Mop.plic",0,50,0,26.13,30,45.3,"High","High","built-up"
"CHBA3","winter","PICE",12,37.45,13.1,1.7,28.8,97.1,"Low","High","built-up"
"CHBA3","winter","PITE",79,37.45,13.1,1.7,28.8,97.1,"Low","High","built-up"
"CHBA3","winter","Taph.",0,37.45,13.1,1.7,28.8,97.1,"Low","High","built-up"
"CHBA3","winter","Tad.aeg/Mop.plic",0,37.45,13.1,1.7,28.8,97.1,"Low","High","built-up"
"CHBA4","winter","PICE",6,26.55,27.28,0.73,18.28,97.1,"Low","Low","built-up"
"CHBA4","winter","PITE",29,26.55,27.28,0.73,18.28,97.1,"Low","Low","built-up"
"CHBA4","winter","Taph.",1,26.55,27.28,0.73,18.28,97.1,"Low","Low","built-up"
"CHBA4","winter","Tad.aeg/Mop.plic",0,26.55,27.28,0.73,18.28,97.1,"Low","Low","built-up"
"CHBA5","winter","PICE",10,29.39,15.32,6.16,28.3,97.1,"High","High","built-up"
"CHBA5","winter","PITE",135,29.39,15.32,6.16,28.3,97.1,"High","High","built-up"
"CHBA5","winter","Taph.",1,29.39,15.32,6.16,28.3,97.1,"High","High","built-up"
"CHBA5","winter","Tad.aeg/Mop.plic",0,29.39,15.32,6.16,28.3,97.1,"High","High","built-up"
"CHBA6","winter","PICE",9,0,14,6.23,55,26.8,"High","High","built-up"
"CHBA6","winter","PITE",54,0,14,6.23,55,26.8,"High","High","built-up"
"CHBA6","winter","Taph.",0,0,14,6.23,55,26.8,"High","High","built-up"
"CHBA6","winter","Tad.aeg/Mop.plic",0,0,14,6.23,55,26.8,"High","High","built-up"
"CHKO1","non-winter","PICE",5,50,50,7,0,13.7,"High","High","zero built-up"
"CHKO1","non-winter","PITE",0,50,50,7,0,13.7,"High","High","zero built-up"
"CHKO1","non-winter","Taph.",0,50,50,7,0,13.7,"High","High","zero built-up"
"CHKO1","non-winter","Tad.aeg/Mop.plic",0,50,50,7,0,13.7,"High","High","zero built-up"
"ENDA1","non-winter","PICE",0,44,42,5,4,92.1,"High","High","built-up"
"ENDA1","non-winter","PITE",6,44,42,5,4,92.1,"High","High","built-up"
"ENDA1","non-winter","Taph.",1,44,42,5,4,92.1,"High","High","built-up"
"ENDA1","non-winter","Tad.aeg/Mop.plic",1,44,42,5,4,92.1,"High","High","built-up"
"ENDA1","winter","PICE",1,44,42,7,4,4,"High","High","built-up"
"ENDA1","winter","PITE",2,44,42,7,4,4,"High","High","built-up"
"ENDA1","winter","Taph.",2,44,42,7,4,4,"High","High","built-up"
"ENDA1","winter","Tad.aeg/Mop.plic",1,44,42,7,4,4,"High","High","built-up"
"ENDA2","non-winter","PICE",2,51.32,34.18,0,0,92.1,"Low","Low","zero built-up"
"ENDA2","non-winter","PITE",77,51.32,34.18,0,0,92.1,"Low","Low","zero built-up"
"ENDA2","non-winter","Taph.",0,51.32,34.18,0,0,92.1,"Low","Low","zero built-up"
"ENDA2","non-winter","Tad.aeg/Mop.plic",0,51.32,34.18,0,0,92.1,"Low","Low","zero built-up"
"ENDA2","winter","PICE",1,51.32,34.18,3.03,0,26.8,"Low","High","zero built-up"
"ENDA2","winter","PITE",36,51.32,34.18,3.03,0,26.8,"Low","High","zero built-up"
"ENDA2","winter","Taph.",0,51.32,34.18,3.03,0,26.8,"Low","High","zero built-up"
"ENDA2","winter","Tad.aeg/Mop.plic",0,51.32,34.18,3.03,0,26.8,"Low","High","zero built-up"
"ENDA3","winter","PICE",0,0,57,9,0,4,"High","High","zero built-up"
"ENDA3","winter","PITE",4,0,57,9,0,4,"High","High","zero built-up"
"ENDA3","winter","Taph.",0,0,57,9,0,4,"High","High","zero built-up"
"ENDA3","winter","Tad.aeg/Mop.plic",0,0,57,9,0,4,"High","High","zero built-up"
"ENDA5","winter","PICE",10,3,38,0,2,10.2,"Low","Low","built-up"
"ENDA5","winter","PITE",51,3,38,0,2,10.2,"Low","Low","built-up"
"ENDA5","winter","Taph.",1,3,38,0,2,10.2,"Low","Low","built-up"
"ENDA5","winter","Tad.aeg/Mop.plic",0,3,38,0,2,10.2,"Low","Low","built-up"
"ENDA6","winter","PICE",41,0,0,0,25,10.2,"Low","Low","built-up"
"ENDA6","winter","PITE",63,0,0,0,25,10.2,"Low","Low","built-up"
"ENDA6","winter","Taph.",4,0,0,0,25,10.2,"Low","Low","built-up"
"ENDA6","winter","Tad.aeg/Mop.plic",0,0,0,0,25,10.2,"Low","Low","built-up"
"ENDA7","winter","PICE",0,0,0,0,23,10.2,"Low","Low","built-up"
"ENDA7","winter","PITE",77,0,0,0,23,10.2,"Low","Low","built-up"
"ENDA7","winter","Taph.",2,0,0,0,23,10.2,"Low","Low","built-up"
"ENDA7","winter","Tad.aeg/Mop.plic",0,0,0,0,23,10.2,"Low","Low","built-up"
"ENMA1","non-winter","PICE",9,71.4,28.6,2,0,79,"Low","High","zero built-up"
"ENMA1","non-winter","PITE",132,71.4,28.6,2,0,79,"Low","High","zero built-up"
"ENMA1","non-winter","Taph.",0,71.4,28.6,2,0,79,"Low","High","zero built-up"
"ENMA1","non-winter","Tad.aeg/Mop.plic",0,71.4,28.6,2,0,79,"Low","High","zero built-up"
"ENMA1","winter","PICE",4,42.55,34.47,1.3,0,12.9,"Low","High","zero built-up"
"ENMA1","winter","PITE",71,42.55,34.47,1.3,0,12.9,"Low","High","zero built-up"
"ENMA1","winter","Taph.",0,42.55,34.47,1.3,0,12.9,"Low","High","zero built-up"
"ENMA1","winter","Tad.aeg/Mop.plic",0,42.55,34.47,1.3,0,12.9,"Low","High","zero built-up"
"ENMA2","non-winter","PICE",24,80,0,1,0,66.1,"Low","High","zero built-up"
"ENMA2","non-winter","PITE",1,80,0,1,0,66.1,"Low","High","zero built-up"
"ENMA2","non-winter","Taph.",20,80,0,1,0,66.1,"Low","High","zero built-up"
"ENMA2","non-winter","Tad.aeg/Mop.plic",1,80,0,1,0,66.1,"Low","High","zero built-up"
"ENMA2","winter","PICE",9,80,0,4.96,0,99.9,"Low","High","zero built-up"
"ENMA2","winter","PITE",322,80,0,4.96,0,99.9,"Low","High","zero built-up"
"ENMA2","winter","Taph.",36,80,0,4.96,0,99.9,"Low","High","zero built-up"
"ENMA2","winter","Tad.aeg/Mop.plic",0,80,0,4.96,0,99.9,"Low","High","zero built-up"
"ENMA3","non-winter","PICE",11,80,20,0,0,66.1,"Low","Low","zero built-up"
"ENMA3","non-winter","PITE",51,80,20,0,0,66.1,"Low","Low","zero built-up"
"ENMA3","non-winter","Taph.",48,80,20,0,0,66.1,"Low","Low","zero built-up"
"ENMA3","non-winter","Tad.aeg/Mop.plic",6,80,20,0,0,66.1,"Low","Low","zero built-up"
"ENMA3","winter","PICE",1,80,20,14.56,0,99.9,"High","High","zero built-up"
"ENMA3","winter","PITE",66,80,20,14.56,0,99.9,"High","High","zero built-up"
"ENMA3","winter","Taph.",0,80,20,14.56,0,99.9,"High","High","zero built-up"
"ENMA3","winter","Tad.aeg/Mop.plic",0,80,20,14.56,0,99.9,"High","High","zero built-up"
"ENMA4","non-winter","PICE",3,63,10,0,0,66.1,"Low","Low","zero built-up"
"ENMA4","non-winter","PITE",2,63,10,0,0,66.1,"Low","Low","zero built-up"
"ENMA4","non-winter","Taph.",5,63,10,0,0,66.1,"Low","Low","zero built-up"
"ENMA4","non-winter","Tad.aeg/Mop.plic",45,63,10,0,0,66.1,"Low","Low","zero built-up"
"ENMA4","winter","PICE",4,62.14,8.43,0,0,12.9,"Low","Low","zero built-up"
"ENMA4","winter","PITE",190,62.14,8.43,0,0,12.9,"Low","Low","zero built-up"
"ENMA4","winter","Taph.",48,62.14,8.43,0,0,12.9,"Low","Low","zero built-up"
"ENMA4","winter","Tad.aeg/Mop.plic",0,62.14,8.43,0,0,12.9,"Low","Low","zero built-up"
"GITA1","winter","PICE",1,60,0,56.7,30,26.8,"High","High","built-up"
"GITA1","winter","PITE",115,60,0,56.7,30,26.8,"High","High","built-up"
"GITA1","winter","Taph.",1,60,0,56.7,30,26.8,"High","High","built-up"
"GITA1","winter","Tad.aeg/Mop.plic",0,60,0,56.7,30,26.8,"High","High","built-up"
"GITA2","winter","PICE",1,90,0,29.33,10,26.8,"High","High","built-up"
"GITA2","winter","PITE",0,90,0,29.33,10,26.8,"High","High","built-up"
"GITA2","winter","Taph.",0,90,0,29.33,10,26.8,"High","High","built-up"
"GITA2","winter","Tad.aeg/Mop.plic",0,90,0,29.33,10,26.8,"High","High","built-up"
"HILL4","non-winter","PICE",4,45,55,2,0,7.1,"Low","High","zero built-up"
"HILL4","non-winter","PITE",110,45,55,2,0,7.1,"Low","High","zero built-up"
"HILL4","non-winter","Taph.",65,45,55,2,0,7.1,"Low","High","zero built-up"
"HILL4","non-winter","Tad.aeg/Mop.plic",0,45,55,2,0,7.1,"Low","High","zero built-up"
"HILL4","winter","PICE",31,45,55,0,0,14.8,"Low","Low","zero built-up"
"HILL4","winter","PITE",20,45,55,0,0,14.8,"Low","Low","zero built-up"
"HILL4","winter","Taph.",2,45,55,0,0,14.8,"Low","Low","zero built-up"
"HILL4","winter","Tad.aeg/Mop.plic",0,45,55,0,0,14.8,"Low","Low","zero built-up"
"ITHI1","non-winter","PICE",77,89,11,0,0,22.3,"Low","Low","zero built-up"
"ITHI1","non-winter","PITE",4,89,11,0,0,22.3,"Low","Low","zero built-up"
"ITHI1","non-winter","Taph.",1,89,11,0,0,22.3,"Low","Low","zero built-up"
"ITHI1","non-winter","Tad.aeg/Mop.plic",0,89,11,0,0,22.3,"Low","Low","zero built-up"
"ITHI1","winter","PICE",7,92,0,0,0,21.1,"Low","Low","zero built-up"
"ITHI1","winter","PITE",11,92,0,0,0,21.1,"Low","Low","zero built-up"
"ITHI1","winter","Taph.",0,92,0,0,0,21.1,"Low","Low","zero built-up"
"ITHI1","winter","Tad.aeg/Mop.plic",0,92,0,0,0,21.1,"Low","Low","zero built-up"
"JEWL1","non-winter","PICE",35,100,0,0,0,99.5,"Low","Low","zero built-up"
"JEWL1","non-winter","PITE",27,100,0,0,0,99.5,"Low","Low","zero built-up"
"JEWL1","non-winter","Taph.",0,100,0,0,0,99.5,"Low","Low","zero built-up"
"JEWL1","non-winter","Tad.aeg/Mop.plic",0,100,0,0,0,99.5,"Low","Low","zero built-up"
"JEWL1","winter","PICE",19,100,0,0,0,21.1,"Low","Low","zero built-up"
"JEWL1","winter","PITE",11,100,0,0,0,21.1,"Low","Low","zero built-up"
"JEWL1","winter","Taph.",1,100,0,0,0,21.1,"Low","Low","zero built-up"
"JEWL1","winter","Tad.aeg/Mop.plic",15,100,0,0,0,21.1,"Low","Low","zero built-up"
"LACO1","non-winter","PICE",50,90,0,0,0,55.5,"Low","Low","zero built-up"
"LACO1","non-winter","PITE",21,90,0,0,0,55.5,"Low","Low","zero built-up"
"LACO1","non-winter","Taph.",78,90,0,0,0,55.5,"Low","Low","zero built-up"
"LACO1","non-winter","Tad.aeg/Mop.plic",10,90,0,0,0,55.5,"Low","Low","zero built-up"
"LACO1","winter","PICE",8,90,0,0.6,0,45.3,"Low","Low","zero built-up"
"LACO1","winter","PITE",104,90,0,0.6,0,45.3,"Low","Low","zero built-up"
"LACO1","winter","Taph.",0,90,0,0.6,0,45.3,"Low","Low","zero built-up"
"LACO1","winter","Tad.aeg/Mop.plic",0,90,0,0.6,0,45.3,"Low","Low","zero built-up"
"LACO3","non-winter","PICE",15,62,38,0,0,0.3,"Low","Low","zero built-up"
"LACO3","non-winter","PITE",3,62,38,0,0,0.3,"Low","Low","zero built-up"
"LACO3","non-winter","Taph.",2,62,38,0,0,0.3,"Low","Low","zero built-up"
"LACO3","non-winter","Tad.aeg/Mop.plic",0,62,38,0,0,0.3,"Low","Low","zero built-up"
"LACO3","winter","PICE",1,62,38,9.33,0,99.9,"High","High","zero built-up"
"LACO3","winter","PITE",0,62,38,9.33,0,99.9,"High","High","zero built-up"
"LACO3","winter","Taph.",0,62,38,9.33,0,99.9,"High","High","zero built-up"
"LACO3","winter","Tad.aeg/Mop.plic",0,62,38,9.33,0,99.9,"High","High","zero built-up"
"MITH1","winter","PICE",2,46.14,23.86,1.5,30,98,"Low","High","built-up"
"MITH1","winter","PITE",6,46.14,23.86,1.5,30,98,"Low","High","built-up"
"MITH1","winter","Taph.",0,46.14,23.86,1.5,30,98,"Low","High","built-up"
"MITH1","winter","Tad.aeg/Mop.plic",0,46.14,23.86,1.5,30,98,"Low","High","built-up"
"MITH3","winter","PICE",0,49.25,8.28,21.6,32.46,98,"High","High","built-up"
"MITH3","winter","PITE",16,49.25,8.28,21.6,32.46,98,"High","High","built-up"
"MITH3","winter","Taph.",3,49.25,8.28,21.6,32.46,98,"High","High","built-up"
"MITH3","winter","Tad.aeg/Mop.plic",0,49.25,8.28,21.6,32.46,98,"High","High","built-up"
"MITH4","winter","PICE",2,53.63,26.12,5.76,20.25,98,"High","High","built-up"
"MITH4","winter","PITE",28,53.63,26.12,5.76,20.25,98,"High","High","built-up"
"MITH4","winter","Taph.",3,53.63,26.12,5.76,20.25,98,"High","High","built-up"
"MITH4","winter","Tad.aeg/Mop.plic",0,53.63,26.12,5.76,20.25,98,"High","High","built-up"
"MITH5","winter","PICE",14,38.83,27.02,0.9,34.15,98,"Low","Low","built-up"
"MITH5","winter","PITE",12,38.83,27.02,0.9,34.15,98,"Low","Low","built-up"
"MITH5","winter","Taph.",0,38.83,27.02,0.9,34.15,98,"Low","Low","built-up"
"MITH5","winter","Tad.aeg/Mop.plic",1,38.83,27.02,0.9,34.15,98,"Low","Low","built-up"
"MITH7","winter","PICE",1,0,21.67,15.26,44.51,98,"High","High","built-up"
"MITH7","winter","PITE",76,0,21.67,15.26,44.51,98,"High","High","built-up"
"MITH7","winter","Taph.",0,0,21.67,15.26,44.51,98,"High","High","built-up"
"MITH7","winter","Tad.aeg/Mop.plic",0,0,21.67,15.26,44.51,98,"High","High","built-up"
"PANO1","non-winter","PICE",0,0,0,69.33,100,98.4,"High","High","built-up"
"PANO1","non-winter","PITE",5,0,0,69.33,100,98.4,"High","High","built-up"
"PANO1","non-winter","Taph.",2,0,0,69.33,100,98.4,"High","High","built-up"
"PANO1","non-winter","Tad.aeg/Mop.plic",8,0,0,69.33,100,98.4,"High","High","built-up"
"PANO1","winter","PICE",0,0,0,55.4,100,99.9,"High","High","built-up"
"PANO1","winter","PITE",1,0,0,55.4,100,99.9,"High","High","built-up"
"PANO1","winter","Taph.",0,0,0,55.4,100,99.9,"High","High","built-up"
"PANO1","winter","Tad.aeg/Mop.plic",0,0,0,55.4,100,99.9,"High","High","built-up"
"PANO2","non-winter","PICE",2,25,0,1,75,98.4,"Low","High","built-up"
"PANO2","non-winter","PITE",18,25,0,1,75,98.4,"Low","High","built-up"
"PANO2","non-winter","Taph.",3,25,0,1,75,98.4,"Low","High","built-up"
"PANO2","non-winter","Tad.aeg/Mop.plic",0,25,0,1,75,98.4,"Low","High","built-up"
"PANO2","winter","PICE",0,25,0,3.73,75,99.9,"Low","High","built-up"
"PANO2","winter","PITE",414,25,0,3.73,75,99.9,"Low","High","built-up"
"PANO2","winter","Taph.",0,25,0,3.73,75,99.9,"Low","High","built-up"
"PANO2","winter","Tad.aeg/Mop.plic",0,25,0,3.73,75,99.9,"Low","High","built-up"
"PANO3","non-winter","PICE",6,0,68,14,32,7.1,"High","High","built-up"
"PANO3","non-winter","PITE",103,0,68,14,32,7.1,"High","High","built-up"
"PANO3","non-winter","Taph.",127,0,68,14,32,7.1,"High","High","built-up"
"PANO3","non-winter","Tad.aeg/Mop.plic",1,0,68,14,32,7.1,"High","High","built-up"
"PANO3","winter","PICE",2,0,68,44,32,14.8,"High","High","built-up"
"PANO3","winter","PITE",2,0,68,44,32,14.8,"High","High","built-up"
"PANO3","winter","Taph.",1,0,68,44,32,14.8,"High","High","built-up"
"PANO3","winter","Tad.aeg/Mop.plic",0,0,68,44,32,14.8,"High","High","built-up"
"PERU3","non-winter","PICE",27,20,40,0,0,98.5,"Low","Low","zero built-up"
"PERU3","non-winter","PITE",61,20,40,0,0,98.5,"Low","Low","zero built-up"
"PERU3","non-winter","Taph.",9,20,40,0,0,98.5,"Low","Low","zero built-up"
"PERU3","non-winter","Tad.aeg/Mop.plic",15,20,40,0,0,98.5,"Low","Low","zero built-up"
"PERU3","winter","PICE",3,20,40,1,0,14.8,"Low","High","zero built-up"
"PERU3","winter","PITE",17,20,40,1,0,14.8,"Low","High","zero built-up"
"PERU3","winter","Taph.",2,20,40,1,0,14.8,"Low","High","zero built-up"
"PERU3","winter","Tad.aeg/Mop.plic",0,20,40,1,0,14.8,"Low","High","zero built-up"
"POPA1","winter","PICE",8,0,0,14,44.6,80,"High","High","built-up"
"POPA1","winter","PITE",59,0,0,14,44.6,80,"High","High","built-up"
"POPA1","winter","Taph.",43,0,0,14,44.6,80,"High","High","built-up"
"POPA1","winter","Tad.aeg/Mop.plic",0,0,0,14,44.6,80,"High","High","built-up"
"POPA4","winter","PICE",6,0,18,6,40,80,"High","High","built-up"
"POPA4","winter","PITE",60,0,18,6,40,80,"High","High","built-up"
"POPA4","winter","Taph.",2,0,18,6,40,80,"High","High","built-up"
"POPA4","winter","Tad.aeg/Mop.plic",0,0,18,6,40,80,"High","High","built-up"
"RADI2","non-winter","PICE",0,55.24,44.76,0,0,0.5,"Low","Low","zero built-up"
"RADI2","non-winter","PITE",40,55.24,44.76,0,0,0.5,"Low","Low","zero built-up"
"RADI2","non-winter","Taph.",2,55.24,44.76,0,0,0.5,"Low","Low","zero built-up"
"RADI2","non-winter","Tad.aeg/Mop.plic",1,55.24,44.76,0,0,0.5,"Low","Low","zero built-up"
"RADI2","winter","PICE",2,55.24,44.76,5.06,0,55.1,"High","High","zero built-up"
"RADI2","winter","PITE",1,55.24,44.76,5.06,0,55.1,"High","High","zero built-up"
"RADI2","winter","Taph.",1,55.24,44.76,5.06,0,55.1,"High","High","zero built-up"
"RADI2","winter","Tad.aeg/Mop.plic",0,55.24,44.76,5.06,0,55.1,"High","High","zero built-up"
"RADI3","non-winter","PICE",5,60,40,3,0,11.5,"Low","High","zero built-up"
"RADI3","non-winter","PITE",16,60,40,3,0,11.5,"Low","High","zero built-up"
"RADI3","non-winter","Taph.",4,60,40,3,0,11.5,"Low","High","zero built-up"
"RADI3","non-winter","Tad.aeg/Mop.plic",0,60,40,3,0,11.5,"Low","High","zero built-up"
"RADI3","winter","PICE",6,60,40,13.06,0,55.1,"High","High","zero built-up"
"RADI3","winter","PITE",18,60,40,13.06,0,55.1,"High","High","zero built-up"
"RADI3","winter","Taph.",1,60,40,13.06,0,55.1,"High","High","zero built-up"
"RADI3","winter","Tad.aeg/Mop.plic",0,60,40,13.06,0,55.1,"High","High","zero built-up"
"RUBE1","non-winter","PICE",12,75,25,18.16,0,77.9,"High","High","zero built-up"
"RUBE1","non-winter","PITE",9,75,25,18.16,0,77.9,"High","High","zero built-up"
"RUBE1","non-winter","Taph.",56,75,25,18.16,0,77.9,"High","High","zero built-up"
"RUBE1","non-winter","Tad.aeg/Mop.plic",2,75,25,18.16,0,77.9,"High","High","zero built-up"
"RUBE1","winter","PICE",5,75,25,0,0,41.6,"Low","Low","zero built-up"
"RUBE1","winter","PITE",16,75,25,0,0,41.6,"Low","Low","zero built-up"
"RUBE1","winter","Taph.",10,75,25,0,0,41.6,"Low","Low","zero built-up"
"RUBE1","winter","Tad.aeg/Mop.plic",2,75,25,0,0,41.6,"Low","Low","zero built-up"
"RUBE2","non-winter","PICE",8,15,25,9.66,0,77.9,"High","High","zero built-up"
"RUBE2","non-winter","PITE",119,15,25,9.66,0,77.9,"High","High","zero built-up"
"RUBE2","non-winter","Taph.",32,15,25,9.66,0,77.9,"High","High","zero built-up"
"RUBE2","non-winter","Tad.aeg/Mop.plic",44,15,25,9.66,0,77.9,"High","High","zero built-up"
"RUBE2","winter","PICE",8,15,25,42,0,41.6,"High","High","zero built-up"
"RUBE2","winter","PITE",0,15,25,42,0,41.6,"High","High","zero built-up"
"RUBE2","winter","Taph.",8,15,25,42,0,41.6,"High","High","zero built-up"
"RUBE2","winter","Tad.aeg/Mop.plic",0,15,25,42,0,41.6,"High","High","zero built-up"
"RUGR1","non-winter","PICE",80,0,0,0,0,95.1,"Low","Low","zero built-up"
"RUGR1","non-winter","PITE",25,0,0,0,0,95.1,"Low","Low","zero built-up"
"RUGR1","non-winter","Taph.",0,0,0,0,0,95.1,"Low","Low","zero built-up"
"RUGR1","non-winter","Tad.aeg/Mop.plic",0,0,0,0,0,95.1,"Low","Low","zero built-up"
"RUGR1","winter","PICE",95,0,0,0,0,14.8,"Low","Low","zero built-up"
"RUGR1","winter","PITE",40,0,0,0,0,14.8,"Low","Low","zero built-up"
"RUGR1","winter","Taph.",1,0,0,0,0,14.8,"Low","Low","zero built-up"
"RUGR1","winter","Tad.aeg/Mop.plic",3,0,0,0,0,14.8,"Low","Low","zero built-up"
"RUSH1","non-winter","PICE",20,12,0,0,0,95.1,"Low","Low","zero built-up"
"RUSH1","non-winter","PITE",20,12,0,0,0,95.1,"Low","Low","zero built-up"
"RUSH1","non-winter","Taph.",0,12,0,0,0,95.1,"Low","Low","zero built-up"
"RUSH1","non-winter","Tad.aeg/Mop.plic",0,12,0,0,0,95.1,"Low","Low","zero built-up"
"RUSH1","winter","PICE",78,12,0,0,0,14.8,"Low","Low","zero built-up"
"RUSH1","winter","PITE",80,12,0,0,0,14.8,"Low","Low","zero built-up"
"RUSH1","winter","Taph.",9,12,0,0,0,14.8,"Low","Low","zero built-up"
"RUSH1","winter","Tad.aeg/Mop.plic",2,12,0,0,0,14.8,"Low","Low","zero built-up"
"RUSH2","non-winter","PICE",0,38,45,27.33,17,85.7,"High","High","built-up"
"RUSH2","non-winter","PITE",182,38,45,27.33,17,85.7,"High","High","built-up"
"RUSH2","non-winter","Taph.",1,38,45,27.33,17,85.7,"High","High","built-up"
"RUSH2","non-winter","Tad.aeg/Mop.plic",0,38,45,27.33,17,85.7,"High","High","built-up"
"RUSH2","winter","PICE",6,38,45,24,17,14.8,"High","High","built-up"
"RUSH2","winter","PITE",0,38,45,24,17,14.8,"High","High","built-up"
"RUSH2","winter","Taph.",0,38,45,24,17,14.8,"High","High","built-up"
"RUSH2","winter","Tad.aeg/Mop.plic",1,38,45,24,17,14.8,"High","High","built-up"
"SAGA2","non-winter","PICE",39,90,10,3.333333333,0,86,"Low","High","zero built-up"
"SAGA2","non-winter","PITE",63,90,10,3.333333333,0,86,"Low","High","zero built-up"
"SAGA2","non-winter","Taph.",1,90,10,3.333333333,0,86,"Low","High","zero built-up"
"SAGA2","non-winter","Tad.aeg/Mop.plic",0,90,10,3.333333333,0,86,"Low","High","zero built-up"
"SAGA2","winter","PICE",59,82.5,0,0,0,31,"Low","Low","zero built-up"
"SAGA2","winter","PITE",23,82.5,0,0,0,31,"Low","Low","zero built-up"
"SAGA2","winter","Taph.",7,82.5,0,0,0,31,"Low","Low","zero built-up"
"SAGA2","winter","Tad.aeg/Mop.plic",0,82.5,0,0,0,31,"Low","Low","zero built-up"
"SARO1","non-winter","PICE",4,40,60,26,0,0.3,"High","High","zero built-up"
"SARO1","non-winter","PITE",49,40,60,26,0,0.3,"High","High","zero built-up"
"SARO1","non-winter","Taph.",1,40,60,26,0,0.3,"High","High","zero built-up"
"SARO1","non-winter","Tad.aeg/Mop.plic",0,40,60,26,0,0.3,"High","High","zero built-up"
"SARO1","winter","PICE",5,60,40,42.13,0,45.3,"High","High","zero built-up"
"SARO1","winter","PITE",4,60,40,42.13,0,45.3,"High","High","zero built-up"
"SARO1","winter","Taph.",0,60,40,42.13,0,45.3,"High","High","zero built-up"
"SARO1","winter","Tad.aeg/Mop.plic",0,60,40,42.13,0,45.3,"High","High","zero built-up"
"SARO2","non-winter","PICE",0,70,30,14,0,0.3,"High","High","zero built-up"
"SARO2","non-winter","PITE",25,70,30,14,0,0.3,"High","High","zero built-up"
"SARO2","non-winter","Taph.",0,70,30,14,0,0.3,"High","High","zero built-up"
"SARO2","non-winter","Tad.aeg/Mop.plic",0,70,30,14,0,0.3,"High","High","zero built-up"
"SARO2","winter","PICE",0,70,30,16.93,0,45.3,"High","High","zero built-up"
"SARO2","winter","PITE",36,70,30,16.93,0,45.3,"High","High","zero built-up"
"SARO2","winter","Taph.",0,70,30,16.93,0,45.3,"High","High","zero built-up"
"SARO2","winter","Tad.aeg/Mop.plic",0,70,30,16.93,0,45.3,"High","High","zero built-up"
"TEPA1","non-winter","PICE",29,60,40,47,0,32.2,"High","High","zero built-up"
"TEPA1","non-winter","PITE",26,60,40,47,0,32.2,"High","High","zero built-up"
"TEPA1","non-winter","Taph.",0,60,40,47,0,32.2,"High","High","zero built-up"
"TEPA1","non-winter","Tad.aeg/Mop.plic",0,60,40,47,0,32.2,"High","High","zero built-up"
"TEPA1","winter","PICE",79,60,40,11.46,0,55.1,"High","High","zero built-up"
"TEPA1","winter","PITE",74,60,40,11.46,0,55.1,"High","High","zero built-up"
"TEPA1","winter","Taph.",1,60,40,11.46,0,55.1,"High","High","zero built-up"
"TEPA1","winter","Tad.aeg/Mop.plic",0,60,40,11.46,0,55.1,"High","High","zero built-up"
"VVRO1","non-winter","PICE",30,77,23,22,0,11.5,"High","High","zero built-up"
"VVRO1","non-winter","PITE",5,77,23,22,0,11.5,"High","High","zero built-up"
"VVRO1","non-winter","Taph.",13,77,23,22,0,11.5,"High","High","zero built-up"
"VVRO1","non-winter","Tad.aeg/Mop.plic",1,77,23,22,0,11.5,"High","High","zero built-up"
"VVRO1","winter","PICE",4,77,23,29.43,0,55.1,"High","High","zero built-up"
"VVRO1","winter","PITE",15,77,23,29.43,0,55.1,"High","High","zero built-up"
"VVRO1","winter","Taph.",19,77,23,29.43,0,55.1,"High","High","zero built-up"
"VVRO1","winter","Tad.aeg/Mop.plic",0,77,23,29.43,0,55.1,"High","High","zero built-up"
